statement ok
CREATE TABLE t(id int PRIMARY KEY GENERATED BY DEFAULT AS IDENTITY, x int);

statement ok
INSERT INTO t(x) VALUES (1), (2), (3), (2), (NULL);

query I
SELECT DISTINCT * FROM t;
----
1 1
2 2
3 3
4 2
5 NULL

query I
SELECT DISTINCT x FROM t;
----
1
2
3
NULL

# nulls not distinct by default
query I
SELECT DISTINCT x FROM (SELECT NULL AS x UNION ALL SELECT NULL)
----
NULL

query I
SELECT x FROM (SELECT NULL AS x UNION ALL SELECT NULL)
----
NULL
NULL

