query error expression `t.y` must appear in the GROUP BY clause or be used in an aggregate function
SELECT x, SUM(y) FROM (VALUES (1, 1), (1, 3), (2, 3)) AS t(x, y) GROUP BY x HAVING y = 4

query I rowsort
SELECT x, SUM(y) FROM (VALUES (1, 1), (1, 3), (2, 3)) AS t(x, y) GROUP BY x HAVING SUM(x) = 2
----
1 4
2 3

query I rowsort
SELECT x, SUM(y) FROM (VALUES (1, 1), (1, 3), (3, 3)) AS t(x, y) GROUP BY x HAVING SUM(x) = 3
----
3 3

query I
SELECT x, SUM(y) FROM (VALUES (1, 1), (1, 3), (2, 3)) AS t(x, y) GROUP BY x HAVING SUM(y) = 4
----
1 4

query I
SELECT x, SUM(y) FROM (VALUES (1, 1), (1, 3), (2, 3)) AS t(x, y) GROUP BY x HAVING x = 1
----
1 4

query I
SELECT x, SUM(y) FROM (VALUES (1, 1), (1, 3), (2, 3)) AS t(x, y) GROUP BY x HAVING x = 2
----
2 3

