query I
SELECT MIN(x) FROM (VALUES (1), (2), (3), (null)) AS t(x)
----
1

query I
SELECT MIN(x) FROM (SELECT 1 AS x WHERE false)
----
NULL
