query I
SELECT sum(x) FROM (VALUES(1), (2), (3)) AS t(x);
----
6

query I
SELECT sum(x), product(x) FROM (VALUES(1), (2)) AS t(x);
----
3 2
