query error
SELECT x+2 FROM (VALUES(1)) AS t(x) GROUP BY x + 1
----
expression `t.x \+ 2` must appear in the GROUP BY clause or be used in an aggregate function

query I
SELECT x+1 FROM (VALUES(1)) t(x) GROUP BY x + 1
----
2


query I
SELECT SUM(x) FROM (VALUES(1), (2), (3)) AS t(x);
----
6

query I
SELECT SUM(x), product(x) FROM (VALUES(1), (2)) AS t(x);
----
3 2

query error
SELECT x, SUM(x) FROM (VALUES(1), (2)) AS t(x);
----
expression `t.x` must appear in the GROUP BY clause or be used in an aggregate function

query II
SELECT 42, SUM(x) FROM (VALUES(1), (2)) AS t(x);
----
42 3


query I rowsort
SELECT x FROM (VALUES(1), (2)) AS t(x) GROUP BY x;
----
1
2

query II
SELECT x, SUM(y) FROM (VALUES(1, 1), (1, 2), (2, 5)) AS t(x, y) GROUP BY x ORDER BY x;
----
1 3
2 5

query III
SELECT x, y, SUM(x+y) FROM (VALUES(1, 1), (1, 1), (1, 2), (2, 5)) AS t(x, y) GROUP BY x, y ORDER BY x, y;
----
1 1 4
1 2 3
2 5 7


query I
SELECT x FROM (VALUES (1), (1)) AS t(x) GROUP BY x
----
1
