statement ok
CREATE TABLE t(x int PRIMARY KEY, y int)

statement ok
INSERT INTO t VALUES(1, 10), (2, 20)

statement ok
insert into t (x, y) values (4, 40)

statement ok
insert into t (y, x) values (50, 5)

query II rowsort
SELECT x, y FROM t
----
1 10
2 20
4 40
5 50

statement ok
CREATE TABLE u(id int PRIMARY KEY, w int, x int, y int, z int)

statement ok
INSERT INTO u(z, y, x, w, id) VALUES(1, 10, 100, 1000, 10000)

query IIIII
SELECT * FROM u
----
10000 1000 100 10 1

statement ok
INSERT INTO u(id, w, z) VALUES(2, 20, 200)

query IIIII
SELECT * FROM u ORDER BY id
----
2 20 NULL NULL 200
10000 1000 100 10 1

