statement ok
CREATE TABLE t (id int PRIMARY KEY, x boolean);

statement ok
INSERT INTO t VALUES (1, false), (2, true), (3, false);

query B
SELECT x FROM t WHERE x;
----
true

query B
SELECT x FROM t WHERE NULL;
----

query error
SELECT x FROM t WHERE 1;
----
expected predicate type of WHERE to be of type bool, got type int
