query I
SELECT array_element([2, 3, 4], 0)
----
NULL

query I
SELECT array_element([2, 3, 4], 1)
----
2

query I
SELECT array_element([2, 3, 4], 2)
----
3

query I
SELECT array_element([2, 3, 4], 3)
----
4

query I
SELECT array_element([2, 3, 4], 4)
----
NULL

query I
SELECT array_element([2, 3, 4], NULL)
----
NULL
