query I rowsort
SELECT * FROM (VALUES (1), (2), (3)) UNION ALL SELECT * FROM (VALUES (4), (5), (6))
----
1
2
3
4
5
6

query I rowsort
SELECT 1 UNION ALL SELECT 2
----
1
2


query error
SELECT 1 UNION ALL SELECT 'foo'
----
schemas of set operation operands are not compatible



query error
SELECT 'foo' UNION ALL SELECT 1
----
schemas of set operation operands are not compatible
