query I
SELECT (SELECT 1)
----
1

query I
SELECT (SELECT 1 WHERE false)
----
NULL

query I
(SELECT 1)
----
1

query I
SELECT (SELECT 1), (SELECT 2)
----
1 2

query error subquery expression must return exactly one column, got 2
SELECT x FROM (VALUES (1)) AS t(x) WHERE x = (SELECT 1, 2)

query I
SELECT x FROM (VALUES (1), (2)) AS t(x) WHERE x = (SELECT 1)
----
1

query I
SELECT x FROM (VALUES (1), (2)) AS t(x) WHERE x = (SELECT 1 WHERE false)
----

query I
SELECT x FROM (VALUES (1), (2)) AS t(x) WHERE x = (SELECT * FROM (VALUES (1)) WHERE false)
----

query error subquery used as an expression must return at most one row
SELECT x FROM (VALUES (1)) AS t(x) WHERE x = (SELECT * FROM (VALUES (1), (2)))

statement ok
CREATE TABLE t1(a INTEGER PRIMARY KEY, b INTEGER, c INTEGER, d INTEGER, e INTEGER)

query I
SELECT 1, (SELECT 2 WHERE false)
----
1 NULL

statement ok
CREATE TABLE integers(x int PRIMARY KEY)

statement ok
INSERT INTO integers VALUES (1), (2), (3), (NULL)

query I
SELECT x FROM INTEGERS WHERE x = (SELECT MAX(x) FROM integers)
----
3
