# FIXME need to test duplicate names in scope

statement ok
CREATE TABLE book (book_id INT PRIMARY KEY, title TEXT, author INT)

statement ok
CREATE TABLE author (author_id INT PRIMARY KEY, name TEXT)

statement ok
INSERT INTO author VALUES
    (1, 'J.R.R. Tolkien'),
    (2, 'Leo Tolstoy')

statement ok
INSERT INTO book VALUES
    (1, 'The Hobbit', 1),
    (2, 'The Silmarillion', 1),
    (3, 'War and Peace', 2),
    (4, 'Unknown', NULL)


# query ITIIT ok
# SELECT * FROM book CROSS JOIN author ORDER BY book_id, author_id
# ----
# 1 The Hobbit 1 1 J.R.R. Tolkien
# 1 The Hobbit 1 2 Leo Tolstoy
# 2 The Silmarillion 1 1 J.R.R. Tolkien
# 2 The Silmarillion 1 2 Leo Tolstoy
# 3 War and Peace 2 1 J.R.R. Tolkien
# 3 War and Peace 2 2 Leo Tolstoy

query ITIIT ok
SELECT * FROM book INNER JOIN author ON book.author = author.author_id ORDER BY book_id
----
1 The Hobbit 1 1 J.R.R. Tolkien
2 The Silmarillion 1 1 J.R.R. Tolkien
3 War and Peace 2 2 Leo Tolstoy

query ITIIT ok
SELECT * FROM book LEFT JOIN author ON book.author = author.author_id ORDER BY book_id
----
1 The Hobbit 1 1 J.R.R. Tolkien
2 The Silmarillion 1 1 J.R.R. Tolkien
3 War and Peace 2 2 Leo Tolstoy
4 Unknown NULL NULL NULL
