statement ok con1
SELECT 1

statement ok con2
SELECT 2

query I con1
SELECT 1
----
1

query I rowsort con1
SELECT 1
----
1

