query I
SELECT * FROM UNNEST([1, 2, 3])
----
1
2
3

query error UNNEST expression must be an array
SELECT * FROM UNNEST(null)

query error UNNEST expression must be an array
SELECT * FROM UNNEST(1)

query I
SELECT * FROM UNNEST(range(5, 8))
----
5
6
7
