query I
SELECT * FROM UNNEST([1, 2, 3])
----
1
2
3

query I
SELECT * FROM UNNEST(null)
----


statement error
SELECT * FROM UNNEST(1)
----
UNNEST expression must be an array
