query error
WITH t AS (SELECT 1 AS x),
     t AS (SELECT 1)
SELECT * FROM t
----
common table expression with name `t` specified more than once

query I
WITH t AS (SELECT 1 AS x) SELECT x, x FROM t
----
1 1

query I
WITH t AS (SELECT 1 AS x),
     u AS (SELECT 2 AS y)
SELECT x, y FROM t JOIN u
----
1 2
