statement ok
CREATE TABLE t(x int);

statement ok
INSERT INTO t(x) VALUES(1);

statement ok con1
BEGIN

statement ok con2
BEGIN

statement ok con1
UPDATE t SET x = 42;

# con1 should be able to see the its own update
query I con1
SELECT x FROM t;
----
42

# but con2 should still see the prior value
query I con2
SELECT x FROM t;
----
1
